Price,Close,High,Low,Open,Volume
Ticker,VESTL.IS,VESTL.IS,VESTL.IS,VESTL.IS,VESTL.IS
Date,,,,,
2020-01-02,10.158296585083008,10.252793030931013,10.000803760311378,10.008678589296215,4396669
2020-01-03,10.441784858703613,10.489032332624683,10.032302746134032,10.134673274276427,11616308
2020-01-06,10.394536972045898,10.583528375850259,10.237044135542265,10.347289496587349,9533545
2020-01-07,10.819767951965332,10.914263653394736,10.441785146247716,10.473283713390849,10255726
2020-01-08,10.756771087646484,10.930013586774209,10.394537180916751,10.520531452651426,7339047
2020-01-09,11.323745727539062,11.449739995558595,10.906389526978094,10.914263605490508,11619900
2020-01-10,11.134754180908203,11.426116109665868,11.07175704771655,11.347369317683768,4304077
2020-01-13,11.307994842529297,11.315869671172997,11.15837685322398,11.213499151759887,4716371
2020-01-14,11.693854331970215,11.733226977079724,11.189876514126784,11.315870780841376,8586437
2020-01-15,11.465490341186523,11.898595475694732,11.441865851279257,11.70172923237823,6434377
2020-01-16,11.14262866973877,11.69385473194684,11.048132966470696,11.51273740411088,5557754
2020-01-17,11.300121307373047,11.48911269798507,11.119003994797753,11.244998255205768,4059613
2020-01-20,11.38674259185791,11.599357726358889,11.260748326822506,11.339494366977105,4680693
2020-01-21,11.323745727539062,11.457614825056085,11.260748593529296,11.2764975015392,2732282
2020-01-22,11.19775104522705,11.402491347691306,11.174126557608638,11.355243874424573,2484440
2020-01-23,11.244998931884766,11.410366596367705,11.142628401396747,11.150503230892381,3664219
2020-01-24,11.182001113891602,11.418240727414423,11.166252206848762,11.355243597273008,1972257
2020-01-27,11.071756362915039,11.276496657631947,11.024508140451127,11.142627570133381,1710654
2020-01-28,10.843392372131348,11.158378041574894,10.827642713166634,11.134754304112896,2075212
2020-01-29,10.890640258789062,11.174127372005824,10.835517952298746,10.937888486484407,2696164
2020-01-30,10.851266860961914,10.97726113350372,10.670150281929343,10.780394894910874,2806430
2020-01-31,10.88276481628418,11.087505873128109,10.874890737932537,10.93001304131934,2730774
2020-02-03,11.182001113891602,11.300121296145527,10.953636329382714,11.024508288538064,5072626
2020-02-04,11.244998931884766,11.36311912136405,11.221375194382938,11.268623420371668,3261720
2020-02-05,11.63085651397705,11.693853643626099,11.292246378874651,11.339493850618926,9151232
2020-02-06,12.749056816101074,13.426275590942565,11.654480363546725,11.701727835751932,33461568
2020-02-07,12.43407154083252,13.512898433114215,12.418322632331634,12.890801903119794,17920586
2020-02-10,12.599438667297363,13.150664709779676,11.811973750591278,12.386822779313889,16008308
2020-02-11,12.859301567077637,13.09554043280197,12.615187872233147,12.796304436086475,12209285
2020-02-12,13.016796112060547,13.268784654735782,12.756932739680435,12.87505218131318,8237107
2020-02-13,13.780635833740234,14.048374021524797,13.040418402690557,13.048293231974823,14032233
2020-02-14,13.316031455993652,13.859382662325554,13.134914887873055,13.859382662325554,5416682
2020-02-17,13.213662147521973,13.591644955777982,13.008921084224092,13.583770126193045,3026437
2020-02-18,13.355403900146484,13.568019782299428,13.197911822306226,13.268783783023874,4765230
2020-02-19,13.213662147521973,13.505023332313835,13.040418900593677,13.47352551594425,3192789
2020-02-20,12.552189826965332,13.922379285660869,12.24507900512489,13.2057863667198,11162368
2020-02-21,12.953798294067383,13.07191772947834,12.386822600942613,12.567939919689143,5794117
2020-02-24,12.654561042785645,12.796304968910334,12.441945904583678,12.638811383889536,3004636
2020-02-25,12.52856731414795,13.103416370836825,12.504943575773295,12.756932872048306,7101077
2020-02-26,12.504942893981934,12.686060214273049,12.434070931736935,12.51281772333917,3599934
2020-02-27,11.57573413848877,12.623063169799936,11.544235571824267,12.47344441490474,2658243
2020-02-28,11.182001113891602,11.386742162343715,10.252793068813212,10.426034801209589,2942349
2020-03-02,11.205625534057617,11.930093325898055,11.07175718757315,11.528486784474502,6406735
2020-03-03,11.339494705200195,11.552110597027925,11.276497570803478,11.378868101944414,2906742
2020-03-04,10.961511611938477,11.811973655021198,10.93001304556449,11.331620330071624,5394319
2020-03-05,10.796144485473633,11.213500698347342,10.788269655743822,11.126879824274715,2553868
2020-03-06,10.410285949707031,10.874890350217468,10.307915424934814,10.756770167333356,2372253
2020-03-09,9.607071876525879,10.189795737254622,9.331459605038805,10.142548262592868,3166729
2020-03-10,8.977100372314453,9.961431586427228,8.858980927014967,9.961431586427228,2759584
2020-03-11,8.977100372314453,8.977100372314453,8.977100372314453,8.977100372314453,0
2020-03-12,7.236802577972412,8.26050716570236,7.158056533368631,8.189635199869388,3796456
2020-03-13,7.795901775360107,7.795901775360107,6.732824670166461,7.08718370523101,4225234
2020-03-16,7.016312122344971,7.717156152051698,7.016312122344971,7.717156152051698,3151807
2020-03-17,7.16593074798584,7.402169612503037,6.598955820977491,7.181679655160637,6046999
2020-03-18,7.646284580230713,7.921897609004454,6.976939082343103,7.039936217322515,6143890
2020-03-19,7.370671272277832,7.874649084009031,7.25255183641172,7.480916629808579,3830415
2020-03-20,7.488790988922119,7.874648589574886,7.37067080948749,7.614785246197716,4656091
2020-03-23,7.1738057136535645,7.394296449261024,7.0399366066722955,7.071435175904058,3598393
2020-03-24,7.835275650024414,7.866774216166807,7.386420894749057,7.402169802327727,6583352
2020-03-25,7.914022922515869,8.410125932689889,7.827401297113756,8.040017194753379,9709922
2020-03-26,8.063640594482422,8.134512557386586,7.701406701516197,7.8431506273245235,7643945
2020-03-27,8.024267196655273,8.61486588608771,8.008518288782644,8.110888818402476,11720622
2020-03-30,8.087265014648438,8.197509621806175,7.890398786455263,7.992768564248859,3426932
2020-03-31,8.425873756408691,8.54399393466239,8.299879500392748,8.504620541911157,3586179
2020-04-01,8.166010856628418,8.3865008165637,8.095138896045816,8.20538425150598,4714738
2020-04-02,8.024267196655273,8.347128444372464,7.977019722052318,8.260506822625262,2206346
2020-04-03,8.040017127990723,8.260507102575462,7.992768900801446,8.071515695788541,3194202
2020-04-06,8.284131050109863,8.386500825521809,8.17388569453194,8.268381391747997,4780137
2020-04-07,8.307755470275879,8.70148794990047,8.292005810618043,8.425874913769213,9907705
2020-04-08,8.496746063232422,8.614865495367674,8.244757540818533,8.347128065795435,4593317
2020-04-09,8.685737609863281,8.795982965876963,8.520369951335283,8.67786353163627,11161804
2020-04-10,8.654239654541016,8.819607324735403,8.622741086455662,8.709362711929213,5322311
2020-04-13,8.504620552062988,8.630614808229328,8.268380946258599,8.38650037366829,4745495
2020-04-14,8.835356712341309,8.929852413689039,8.622740821070103,8.662114217711261,9552121
2020-04-15,8.89047908782959,9.315710122772405,8.425874655932144,8.906228747005475,11345627
2020-04-16,8.87472915649414,9.008597489130413,8.725110415512724,8.945600361659816,6015595
2020-04-17,8.906228065490723,9.142466927171066,8.874729500534341,9.055846061287275,6550117
2020-04-20,8.914101600646973,9.040095852799794,8.827480740038151,8.92197642915277,4325109
2020-04-21,9.095219612121582,9.134593006742506,8.811731771638962,8.851105166259886,6533106
2020-04-22,9.284212112426758,9.481078358026126,9.11096960602348,9.158217835400784,6984422
2020-04-24,9.213338851928711,9.38658133403936,9.197589945001392,9.315709375403866,5325168
2020-04-27,10.040178298950195,10.111050265923932,9.276337072989525,9.29208673275485,12762435
2020-04-28,10.315790176391602,10.678024049404964,9.685818125370316,10.048051998383677,18319911
2020-04-29,10.370912551879883,10.59140250847608,10.315790250477093,10.378787380933149,5775696
2020-04-30,10.402412414550781,10.599278659526394,10.237044738731862,10.449660643778385,8065091
2020-05-04,10.394536972045898,10.63077660229389,10.063801639895726,10.237044135542265,7487117
2020-05-05,10.3472900390625,10.544156282759378,10.331540379093891,10.489033223854369,3104873
2020-05-06,10.583528518676758,10.748896186983508,10.315791068499959,10.394537112321926,15759417
2020-05-07,10.481158256530762,10.67014965422548,10.433910031614554,10.57565395537812,5097836
2020-05-08,10.071676254272461,10.536280675270104,10.01655395042022,10.504782108642384,4152751
2020-05-11,9.843311309814453,10.150422893035284,9.81181274366245,10.063801272878482,3097000
2020-05-12,9.898433685302734,9.977180476751794,9.819687644838735,9.87480994826204,4310468
2020-05-13,10.252793312072754,10.473283272799089,10.118924219599787,10.118924219599787,12924300
2020-05-14,10.221294403076172,10.473283690659406,10.040177830142516,10.260667799665903,15005572
2020-05-15,10.370912551879883,10.55990394324805,10.244918290967771,10.315790250477093,8580820
2020-05-18,10.410285949707031,10.583527683027677,10.394536291595136,10.426034856833894,5319319
2020-05-20,10.473283767700195,10.575654299192497,10.426035541247948,10.528406072740248,6045531
2020-05-21,10.867015838623047,11.11900436789452,10.512656781588774,10.559904255334647,20174879
2020-05-22,10.725272178649902,10.97726071410603,10.630776477853855,10.86701610533651,6824722
2020-05-27,10.88276481628418,11.04813247742965,10.796143946535622,10.835517342234079,8048235
2020-05-28,10.851266860961914,11.032384190979586,10.748896326775421,10.969387054708685,4095002
2020-05-29,11.103256225585938,11.244999407578089,10.646526609309335,10.646526609309335,9342024
2020-06-01,11.134754180908203,11.300121843282561,11.126879351512981,11.22137505130046,9604515
2020-06-02,11.134754180908203,11.331620409878386,11.119004522117757,11.16625274750403,3967498
2020-06-03,11.008758544921875,11.221374420734927,10.953636244222945,11.213499591782215,4649501
2020-06-04,10.741022109985352,11.071757446651029,10.709523542254576,11.02450921956232,4359800
2020-06-05,10.748895645141602,10.874890660678622,10.662274776008388,10.780394211279592,5011874
2020-06-08,10.835517883300781,11.087506426777745,10.717397690307132,10.77252074743154,7989317
2020-06-09,10.922138214111328,10.977260517508874,10.70164824953608,10.91426338477309,5477827
2020-06-10,11.662355422973633,12.016714475453401,11.44186471170996,11.457614370079527,28134868
2020-06-11,11.544235229492188,11.993089978897327,11.49698775638904,11.693853979950598,9984142
2020-06-12,11.843472480773926,11.906469614901573,11.323745748728292,11.457614846495813,9973270
2020-06-15,11.65447998046875,11.890719586684773,11.630856245142649,11.788349065624995,5156505
2020-06-16,12.071836471557617,12.30807608421326,11.764724900006778,11.827722780901972,11311139
2020-06-17,12.58368968963623,12.96167250964225,12.0639629366354,12.119085994458441,14691437
2020-06-18,13.150665283203125,13.63889271174636,12.55219098918906,12.638811863449135,10659298
2020-06-19,12.756932258605957,13.402653250353124,12.678185466497006,13.197912191657903,5822428
2020-06-22,12.796305656433105,13.056169034300323,12.756933009047554,12.882927283045586,2916372
2020-06-23,12.906549453735352,13.30028191054944,12.741182542819097,12.780555187712455,6556655
2020-06-24,12.961671829223633,13.386903605885665,12.914424354695674,12.914424354695674,4408034
2020-06-25,12.906549453735352,13.111290511515094,12.843552320723903,13.079792695994431,3468257
2020-06-26,12.756932258605957,13.04041860744,12.567940107741487,12.969546644738955,5884968
2020-06-29,12.772680282592773,12.961671680506328,12.630937860635196,12.717557979280919,2452110
2020-06-30,12.812054634094238,12.898674754125063,12.741182670997112,12.867176938287528,3631045
2020-07-01,12.764805793762207,12.99317134439729,12.717558318516042,12.835677757616532,3833656
2020-07-02,12.930173873901367,12.993171006581747,12.80417960854061,12.80417960854061,3199511
2020-07-03,12.906549453735352,13.127040170260488,12.882926467587389,12.993171074864891,4588532
2020-07-06,13.024669647216797,13.103414932498511,12.993170331528079,12.993170331528079,4291215
2020-07-07,13.008920669555664,13.237284712358928,12.930173878186563,13.008920669555664,6464203
2020-07-08,13.008920669555664,13.213661726327281,12.985296181553899,13.040418484921233,6323068
2020-07-09,12.930173873901367,13.402653119989273,12.796304779209297,13.048293309930814,13147085
2020-07-10,12.882926940917969,13.048293857909957,12.394698015663664,12.875052111255943,4520336
2020-07-13,13.410528182983398,13.552270607506358,13.056168366750633,13.056168366750633,11589706
2020-07-14,13.914505004882812,14.284612971477355,13.32390632301507,13.442025758994594,25662628
2020-07-16,14.111371040344238,14.434231528552077,13.969627118307606,13.977501947528541,15502382
2020-07-17,13.764886856079102,14.323987747158053,13.74126386902786,14.182243816969864,8323634
2020-07-20,13.489273071289062,13.772760915817692,13.457775256324826,13.772760915817692,4847592
2020-07-21,13.575895309448242,13.977502606838907,13.434151380725636,13.536522663456482,8516480
2020-07-22,13.701889991760254,13.859383584412182,13.583770548256414,13.670392174411997,4806168
2020-07-23,13.835758209228516,13.977502133147484,13.69401428530955,13.717638773286083,4394906
2020-07-24,14.071998596191406,14.190118032243868,13.820008563450672,13.867257539447753,6374577
2020-07-27,14.048373222351074,14.323986223741027,13.985376093630801,14.213740122003031,3047158
2020-07-28,13.859383583068848,14.442107472672157,13.638892853771562,14.087747640224773,9681121
2020-07-29,14.056248664855957,14.213740742547428,13.544396783911026,13.875132099624228,5831879
2020-07-30,13.796385765075684,14.064123958153669,13.788510935635726,14.064123958153669,2115093
2020-08-04,13.087667465209961,14.134995735442608,12.646686034186652,14.01687479736522,3854991
2020-08-05,12.898674011230469,13.21366116328508,12.599438019142655,13.071917245254514,2686258
2020-08-06,11.827723503112793,13.13491515504455,11.772600447836766,12.898674776978844,2965698
2020-08-07,12.363198280334473,12.55218966846288,10.772519637109513,11.709602499818297,3722291
2020-08-10,12.717557907104492,12.79630469794742,12.032463530317205,12.386822587140276,2413782
2020-08-11,13.134915351867676,13.544397478408097,12.756932543662746,12.764805871276453,2994171
2020-08-12,13.071917533874512,13.253034098925818,12.89867429602536,13.22940961140909,1590497
2020-08-13,12.567939758300781,13.174287337134501,12.49706779757027,13.048293074051394,1291448
2020-08-14,12.599438667297363,12.835677541521136,12.323825646056207,12.44194583415316,1797684
2020-08-17,12.536441802978516,12.693935390486427,12.410447533760253,12.552190711138257,1971388
2020-08-18,12.544316291809082,12.945923577272232,12.363198971488716,12.497068066643099,4489888
2020-08-19,12.756932258605957,12.819929391899093,12.536441541094918,12.536441541094918,2755736
2020-08-20,13.426276206970215,14.0483742110906,13.229409978117454,13.386903561987715,17241161
2020-08-21,13.402652740478516,13.662516093173032,13.119164900459017,13.505022514946626,4340553
2020-08-24,13.087667465209961,13.457775432204766,13.07191780653696,13.38690347014638,2621522
2020-08-25,12.985295295715332,13.410527038917698,12.914423338514938,13.079791739305863,2968778
2020-08-26,13.481399536132812,13.741262888953413,12.749056950373829,12.749056950373829,7239459
2020-08-27,13.812135696411133,14.032624917198703,13.583770144058098,13.623142790064401,5218597
2020-08-28,14.142868041992188,14.386983227893374,13.843632058654295,13.93812850190153,7379350
2020-08-31,14.48147964477539,15.056330187661855,14.056249361758596,14.134996155493607,9666370
2020-09-01,14.457856178283691,14.788591499419924,14.142869013795766,14.465731007592902,4877145
2020-09-02,14.31611156463623,14.678344683579923,14.260989264098717,14.42635616571126,1956761
2020-09-03,14.386984825134277,14.796466954716257,14.308238030680792,14.371235165849544,3926481
2020-09-04,14.402734756469727,14.599600995336923,14.253115994379,14.371235437305277,7399473
2020-09-07,14.040499687194824,14.536601933831172,14.00112704135565,14.410607664781619,2917708
2020-09-08,13.764886856079102,14.347610734209296,13.733389039354051,14.331862576831861,2886926
2020-09-09,13.599519729614258,13.820008949207994,13.544397424715825,13.749136985204247,3563913
2020-09-10,13.678267478942871,13.906631544046258,13.583771019678194,13.67039264883996,3105511
2020-09-11,13.749136924743652,14.001126963410071,13.70976427912367,13.70976427912367,2513722
2020-09-14,13.552270889282227,13.890881053618257,13.426276619106519,13.820009088898148,2105991
2020-09-15,13.520772933959961,13.701889507732472,13.449900969967212,13.568020409298407,2221926
2020-09-16,13.53652286529541,13.646767477292297,13.371154445329887,13.465650899877355,2559008
2020-09-17,13.300281524658203,13.575894536825519,13.221536237156185,13.505022576497636,2871765
2020-09-18,13.694014549255371,13.757011683103585,13.292407257734206,13.379028880014305,4420584
2020-09-21,13.339655876159668,13.780635801247973,13.292406900565483,13.757011313450882,3656335
2020-09-22,13.442025184631348,13.544396459550807,13.347530240673441,13.394777712652395,1999479
2020-09-23,13.386902809143066,13.662515814431199,13.355403493352403,13.544396384156299,2684790
2020-09-24,13.213662147521973,13.402653551649978,13.213662147521973,13.339656416940642,2038483
2020-09-25,13.190037727355957,13.418403280596161,13.174288068104183,13.316031997429803,1975551
2020-09-28,13.237284660339355,13.418402730367571,13.11129039543197,13.213661674400543,2944111
2020-09-29,13.182162284851074,13.394778168954343,13.071917679154613,13.260909075478594,3236292
2020-09-30,13.591645240783691,13.654642376814024,13.229410582131624,13.26090990113189,6635900
2020-10-01,13.512898445129395,13.890881261307932,13.497148785629406,13.780636648748407,5024156
2020-10-02,13.505023002624512,13.709764060924183,13.394778395067048,13.394778395067048,2674674
2020-10-05,13.575895309448242,13.733388897355622,13.544397493048868,13.591644968633014,3506236
2020-10-06,13.694014549255371,13.977502402557406,13.686139719778076,13.804260659967355,9196709
2020-10-07,13.701889991760254,13.843633924752947,13.552271228937943,13.575895718426796,5470928
2020-10-08,13.62314224243164,13.820008468489728,13.57589476872933,13.74126317964258,4312794
2020-10-09,13.757011413574219,13.859382692803235,13.64676680699231,13.662516465638332,3641650
2020-10-12,14.064123153686523,14.284612357512795,13.835757618900681,13.843632447890199,7697958
2020-10-13,14.213740348815918,14.410606566954476,14.10349574728874,14.166492877014276,6269724
2020-10-14,14.473605155944824,14.670471393931924,14.237366271148382,14.260990760416105,7319630
2020-10-15,14.434232711791992,14.938209807484343,14.245241300907361,14.457857201391404,6800530
2020-10-16,14.42635726928711,14.749217770250509,14.260990355024461,14.49722923310543,4258249
2020-10-19,14.575976371765137,14.79646709797565,14.434232440770534,14.544477052890695,4256698
2020-10-20,14.371234893798828,14.764967356642632,14.23736579635313,14.560226295727437,5878825
2020-10-21,14.48147964477539,14.638973232245412,14.402734353010544,14.449981828463486,5385774
2020-10-22,14.449981689453125,14.60747377343789,14.355485237486144,14.568101127934236,4848550
2020-10-23,14.323986053466797,14.638971693323818,14.17436731129596,14.457855138152281,4348719
2020-10-26,14.268863677978516,14.583849316152103,14.032623322870826,14.331860805613232,9178480
2020-10-27,14.16649341583252,14.465730919887763,14.103496283710907,14.229490547954134,5587522
2020-10-28,13.47352409362793,14.190116988539163,13.47352409362793,14.142868016017317,2140182
2020-10-30,13.134915351867676,13.725514052926687,12.725433225327253,13.386903890670961,2905299
2020-11-02,12.9695463180542,13.229409674089052,12.882926200689312,13.071917595808287,4592948
2020-11-03,13.221536636352539,13.59951943486692,12.96954660203949,12.96954660203949,4423765
2020-11-04,14.009000778198242,14.103495721629605,13.31603085050804,13.339655337350903,5558452
2020-11-05,14.544476509094238,14.568100997366786,14.040499441707668,14.095621745706808,5057877
2020-11-06,15.064204216003418,15.150825843338323,14.54447745593446,14.568101945744953,7666456
2020-11-09,15.812295913696289,16.50526439909047,15.111452598676355,15.190199392963692,13971232
2020-11-10,15.954039573669434,16.363521695474212,15.591804926851315,15.812295646739306,7593029
2020-11-11,15.560306549072266,16.23752684130183,15.426437456468053,15.985536812540294,6134875
2020-11-12,15.859542846679688,16.647007758661324,15.702050765465435,15.843794689937349,11186006
2020-11-13,15.749298095703125,16.174529865232763,15.631178660379375,15.92253983404662,10354625
2020-11-16,15.465810775756836,16.347772160002208,15.4343129595178,16.22177789110575,6826392
2020-11-17,15.261069297790527,15.859542809738995,15.205946994395426,15.599679449469145,5890743
2020-11-18,15.276819229125977,15.591804898412772,15.158699790889697,15.213822095268617,3563658
2020-11-19,15.284693717956543,15.450062129377908,15.048454846749006,15.379190167621624,4192494
2020-11-20,15.725671768188477,15.812293378211882,15.371313503671692,15.450060285332066,5401318
2020-11-23,15.709925651550293,16.28477467889984,15.442187460352123,15.828045088380044,7082570
2020-11-24,15.765048027038574,16.048534376326437,15.68630123480356,15.749298368197543,4789471
2020-11-25,15.717798233032227,16.064283199663514,15.717798233032227,15.90679112535479,4056318
2020-11-26,15.741421699523926,15.87529078009093,15.615427447457327,15.765046185025147,2580922
2020-11-27,16.206026077270508,16.694254930807677,15.82804332083719,15.875290789898866,10154800
2020-11-30,15.780797958374023,16.50526425392948,15.686301505666265,16.06428431255698,5249887
2020-12-01,15.906792640686035,16.11153220659451,15.733549389881663,16.080034389520204,4188876
2020-12-02,15.891042709350586,16.06428445522149,15.780798098520936,15.969789503644698,2621150
2020-12-03,16.032785415649414,16.269024278540453,15.85954218102393,15.906791155178185,3953267
2020-12-04,15.9855375289917,16.45801678888661,15.954039712716124,16.11153179803432,3706537
2020-12-07,15.812295913696289,16.09578377234263,15.796546254444786,15.922540524516457,2218935
2020-12-08,15.843794822692871,16.048534379789903,15.76504803044086,15.796545846159583,2229373
2020-12-09,16.379268646240234,16.66275647922306,15.922539083084596,15.938288740910316,8098665
2020-12-10,16.44226837158203,16.883249848506924,16.347773413648323,16.521015171173637,4821591
2020-12-11,17.103734970092773,17.481719216801,16.284772356493093,16.332019824092907,9104981
2020-12-14,17.087987899780273,17.639212395339953,17.072238242257708,17.49746848157689,4540145
2020-12-15,16.615510940551758,17.29272978416631,16.584011621236087,17.1352376934986,3583160
2020-12-16,16.505264282226562,17.040740677224857,16.36352185587716,16.77300247972571,8160759
2020-12-17,16.552513122558594,16.710005206743634,16.3477720613449,16.521013804539493,3755457
2020-12-18,16.505264282226562,16.8359996143155,16.379270013046984,16.59976073509633,6306398
2020-12-21,16.06428337097168,16.39501868310801,15.92253945120324,16.158779818140662,3291273
2020-12-22,16.284774780273438,16.442266863036792,16.11153153667257,16.22177764677407,3532556
2020-12-23,16.31627082824707,16.69425509026061,16.253273701573143,16.379267954920998,3325553
2020-12-24,16.31627082824707,16.489514053077855,16.080031978712334,16.458014738755903,3595287
2020-12-25,16.48951530456543,16.631259225832054,16.2217771203885,16.300523910199963,2963567
2020-12-28,16.77300262451172,17.48172227222729,16.647008354244548,16.647008354244548,13410676
2020-12-29,16.458017349243164,16.96199594454309,16.39502021257695,16.93049662522488,7579866
2020-12-30,16.599760055541992,16.78875145157451,16.442266474529845,16.568262240521623,4992593
2020-12-31,16.58401107788086,16.725755006216875,16.505264284141944,16.615510396164492,3307090
2021-01-04,16.599760055541992,16.83599892509011,16.536762923531153,16.599760055541992,4287376
2021-01-05,16.426517486572266,16.710003815287255,16.300523228927823,16.615508873038934,3472012
2021-01-06,17.040739059448242,17.324226889174227,16.505262715285834,16.505262715285834,11878189
2021-01-07,17.11948585510254,17.324226898687062,16.88324699818118,17.198232641399667,5417207
2021-01-08,17.166736602783203,17.35572952675823,17.072241642766,17.29273088411968,4203624
2021-01-11,17.135236740112305,17.5132195390485,16.946245340644207,17.198233873268336,4933590
2021-01-12,17.59196662902832,17.733710556523345,17.276980957911686,17.339978092135013,5166035
2021-01-13,18.867656707763672,19.355885565867514,17.954197620187433,18.03294440400676,15822559
2021-01-14,19.79686737060547,20.39534088286015,19.21414351703462,19.40313491533029,12420333
2021-01-15,19.292892456054688,19.796869574276236,18.883410296514537,19.74962209493554,6758246
2021-01-18,19.277141571044922,19.59212724992405,18.962155892165793,19.135397640056766,3822296
2021-01-19,19.292892456054688,19.733872434498544,19.229895316276995,19.529131354728467,3934284
2021-01-20,19.497631072998047,19.812616732099368,19.29289001908966,19.37163680935752,5424222
2021-01-21,19.686622619628906,20.017357939717478,19.513380881285414,19.67087296106038,7590397
2021-01-22,19.41888427734375,19.92286133176607,19.214143223492158,19.702372121441353,3725539
2021-01-25,19.497631072998047,19.781118917174286,19.37163680935752,19.765369258726693,3545990
2021-01-26,19.922861099243164,20.09610433615646,19.403134392443434,19.48188118177038,7510350
2021-01-27,19.985858917236328,21.05681168416387,19.81261717633869,20.001608576037057,14320392
2021-01-28,20.300846099853516,20.552834632964444,19.261391147815733,19.844116508097425,8319022
2021-01-29,20.631580352783203,21.088309920802004,19.781118346749228,19.781118346749228,7497457
2021-02-01,20.22209930419922,21.041062036665377,20.12760285331421,20.97806490339875,5192704
2021-02-02,20.127601623535156,20.631580160845658,20.0646044941176,20.395339799052287,5215520
2021-02-03,20.694580078125,20.88357149183757,20.159103654954254,20.159103654954254,6194852
2021-02-04,21.277301788330078,21.38754639281808,20.61583115746188,20.75757507864365,6049052
2021-02-05,21.86002540588379,22.395501768441083,21.088310178419487,21.277301570739105,6387717
2021-02-08,22.96247673034668,23.718443827437127,21.938772944795375,22.049017551924557,8535209
2021-02-09,22.741987228393555,23.98618179660531,22.332506593491484,23.056974411815432,6542229
2021-02-10,22.789236068725586,23.37195995136576,22.427001410777795,22.91523034054129,3866770
2021-02-11,22.175012588500977,22.867982576749856,22.033268658996878,22.804983939663433,3159553
2021-02-12,21.938772201538086,22.521496036860604,21.261551919041885,22.222258539118997,3855270
2021-02-15,22.316757202148438,22.600245069847244,22.12776579100597,22.25376006510095,3237583
2021-02-16,22.411251068115234,23.151468518945062,21.7970293872304,22.64749144704568,5078633
2021-02-17,22.86798095703125,23.308960871610758,22.458498856793817,22.52149598744803,6441650
2021-02-18,22.82073402404785,23.54520184236541,22.663241934308505,23.025475092482186,4621540
2021-02-19,23.608198165893555,24.899641668328684,22.93097934958566,23.056973617827598,14802399
2021-02-22,23.482202529907227,24.17517246684533,23.198714691889815,23.860185312617066,7293724
2021-02-23,22.48999786376953,23.860186654636713,22.22225966879857,23.71844422962575,5421470
2021-02-24,21.29305076599121,22.568743011906253,21.29305076599121,22.222258049201532,3586289
2021-02-25,20.867820739746094,22.04901814010908,20.001609012419205,21.671035332465763,5720442
2021-02-26,20.930816650390625,21.57653761784761,20.001607842793476,20.001607842793476,4218538
2021-03-01,21.686784744262695,21.686784744262695,20.99381476951675,21.167056512218164,3262603
2021-03-02,22.37975311279297,22.75773591436457,21.513541399380447,21.81277891043557,5624121
2021-03-03,22.82073402404785,23.293213297206297,22.25375979743984,22.55299581932374,7008914
2021-03-04,23.59244728088379,23.970431567937723,22.568743529122475,22.72623710722579,7998781
2021-03-05,23.98617935180664,24.61615215247002,23.655445546470183,23.765690148249,8726234
2021-03-08,23.90743637084961,24.80514593352777,23.702695303542797,24.190922731607333,7672971
2021-03-09,23.434955596923828,23.891685178702506,23.02547348857878,23.70269378299789,5512552
2021-03-10,24.332666397094727,25.10438167945486,24.127925332025065,24.789396003182375,13757393
2021-03-11,23.97043228149414,24.5689057933441,23.844438016048898,24.5689057933441,5250777
2021-03-12,24.159425735473633,24.537408563973266,23.797191065017135,23.92318534118368,4903392
2021-03-15,24.143672943115234,24.773644242216914,23.907434081444617,24.175172259055344,5031099
2021-03-16,24.820892333984375,25.13587797234052,24.14367208504116,24.31691381064454,14314924
2021-03-17,24.175174713134766,24.175174713134766,24.175174713134766,24.175174713134766,50
2021-03-18,22.96247673034668,24.490159081281657,22.946727071622476,24.112176283721496,6623827
2021-03-19,24.915390014648438,25.246126848758635,24.017680471112712,25.183128212188947,36528804
2021-03-22,22.86798095703125,24.58465314285114,22.63174059060039,23.78144010250241,13336140
2021-03-23,25.12013053894043,25.151629856549835,22.316755856419007,22.86798189882255,16645196
2021-03-24,26.93130111694336,27.37227955375042,25.4666158713992,25.513864848460088,16435156
2021-03-25,29.214946746826172,29.43543896270101,27.403778067794132,27.561271649436094,20913876
2021-03-26,28.82121467590332,30.742630990257048,27.860509522666714,29.87641778173914,30222438
2021-03-29,29.892168045043945,30.191405559779376,28.821215258782676,29.0574571411182,13326160
2021-03-30,30.018159866333008,30.947368649008517,29.277943973328817,30.537886558004047,16829966
2021-03-31,29.52993392944336,30.60088668058161,29.482684953737774,29.82917143436498,13069165
2021-04-01,29.356689453125,30.065409039168504,29.13620025032928,29.60867797173156,11313756
2021-04-02,28.978710174560547,29.81342412070383,28.899964879464587,29.514186592246357,6582200
2021-04-05,28.506229400634766,29.21494599384698,28.395984797508873,28.97870712944291,5805582
2021-04-06,28.569223403930664,28.821211912150783,28.191240641600487,28.45897880707686,5615299
2021-04-07,27.939254760742188,28.679470697754983,27.829010153521157,28.52198011826223,4684646
2021-04-08,29.136201858520508,29.34094141471153,28.033749775811195,28.033749775811195,11606909
2021-04-09,28.569223403930664,29.356688243103527,27.923502476124114,29.16769836390842,8489780
2021-04-12,27.95500373840332,28.868462895331568,27.482526003555673,28.427481473250968,6314954
2021-04-13,26.679311752319336,28.19124292405067,26.206831008198137,28.065248659739723,7469715
2021-04-14,27.262035369873047,27.262035369873047,26.254081208371115,26.789557607654103,5325980
2021-04-15,26.348575592041016,27.435278026447392,25.907597157860096,27.403778708594388,7065324
2021-04-16,25.750102996826172,26.78955643121341,25.687104362528657,26.080836815067464,4563175
2021-04-19,24.222421646118164,25.671355748610626,24.222421646118164,25.671355748610626,6828195
2021-04-20,24.159425735473633,25.387872181052806,24.001932139280328,24.206673213543525,9915202
2021-04-21,23.041223526000977,24.411412293872228,22.72623786131278,24.190921577605426,7661415
2021-04-22,23.828689575195312,23.93893418760167,22.615992830844572,22.852233217105592,6296912
2021-04-26,23.560951232910156,23.907436229532856,23.387709485583898,23.686945504051103,5523642
2021-04-27,25.151630401611328,25.151630401611328,23.63969766890777,23.686945144375645,7688151
2021-04-28,23.938932418823242,24.206670602287883,23.560949631097895,23.812938156248126,8893450
2021-04-29,23.608198165893555,24.332665959269796,23.576700349818147,23.970432813566752,4164553
2021-04-30,22.67898941040039,23.639697587413025,22.67898941040039,23.639697587413025,5820173
2021-05-03,22.86798095703125,22.99397521833968,22.379752067983528,22.678988063098533,5531915
2021-05-04,23.230213165283203,23.639695249347437,22.61599003918685,22.978224652619062,9164701
2021-05-05,23.639698028564453,23.92318438765487,23.41920730307618,23.43495696246181,7550644
2021-05-06,23.10422134399414,23.828689145243008,23.056973868382524,23.62394808163244,4997749
2021-05-07,22.91522979736328,23.324711922043132,22.710488735023358,23.15146867592542,3538724
2021-05-10,23.45070457458496,23.702693094875535,22.96247569004443,23.072720292179042,4859927
2021-05-11,23.371957778930664,23.592446983128465,22.993974998617244,23.23021386082062,4110545
2021-05-12,23.419204711914062,23.497951498159278,23.21446366846451,23.356207583311893,1333358
2021-05-17,23.68694496154785,23.98618097316164,23.49795355916491,23.639697486444653,4546847
2021-05-18,24.86814308166504,24.994137353612523,23.812939927627223,23.828689587113207,8301679
2021-05-20,24.946889877319336,25.718605168496236,24.616154537962064,24.726399150424424,7259544
2021-05-21,25.49811363220215,25.671353862964548,25.167376820855523,25.214625795030788,5833900
2021-05-24,26.26983070373535,26.380075313969247,25.592610379223895,25.62410969755939,5899551
2021-05-25,24.694900512695312,26.710808796872698,24.694900512695312,26.380074970477455,9789352
2021-05-26,25.60835838317871,25.60835838317871,24.269667479850707,24.978385574919034,6741285
2021-05-27,25.655609130859375,26.191082525260597,25.214627684007393,25.655609130859375,5688966
2021-05-28,24.899641036987305,25.624108811994347,24.66340066354603,25.624108811994347,4840901
2021-05-31,24.442913055419922,25.072884422015193,24.364166259102962,24.899642671694046,4339324
2021-06-01,24.411413192749023,24.88389245816401,24.33266639818483,24.6634017337783,3147093
2021-06-02,24.584653854370117,24.694899962683245,24.049178979296826,24.0806767945505,4433511
2021-06-03,24.663400650024414,25.29337197491554,24.53740638504619,24.67915030863922,6783646
2021-06-04,24.53740692138672,24.962638701460566,24.4114126536545,24.584654396293764,4947098
2021-06-07,24.616153717041016,24.820894777621938,24.458660131372568,24.72639832582684,4134664
2021-06-08,24.820892333984375,25.19887510001175,24.67914842123161,24.694898078641916,7633733
2021-06-09,24.852392196655273,24.99413612109905,24.74214758963017,24.883891514073945,3266438
2021-06-10,24.490158081054688,25.041382596157614,24.411411292619963,24.931137993531042,4443995
2021-06-11,23.90743637084961,24.63190418517748,23.781442098963907,24.61615452569922,5067396
2021-06-14,23.529451370239258,24.017680286102305,23.434956420052963,24.017680286102305,3860574
2021-06-15,23.24596405029297,23.76569076059882,23.056972655815393,23.51370223462872,3405094
2021-06-16,22.96247673034668,23.308961712428555,22.88372993869578,23.15146812912676,2038463
2021-06-17,22.82073402404785,23.025475092482186,22.64749227474351,22.883731160337632,1724982
2021-06-18,22.993976593017578,23.261714789797043,22.75773621246326,22.930979458597125,2776166
2021-06-21,23.608198165893555,23.655447142961897,22.537246885837053,22.836482897419124,4222535
2021-06-22,24.1279239654541,24.1751729406965,23.797188648607822,23.797188648607822,3119051
2021-06-23,24.568904876708984,24.915388342771475,24.14367312021857,24.206670250590847,5650968
2021-06-24,24.883892059326172,25.0413841439601,24.269668873934414,24.56890638808815,4143935
2021-06-25,25.198877334594727,25.466615526432406,24.805144876241684,24.899641327113272,4579637
2021-06-28,24.568904876708984,25.466614360006446,24.41141129979326,25.356369757347476,3214380
2021-06-29,24.25391960144043,24.521657801752514,23.73419286012172,24.521657801752514,3061462
2021-06-30,23.860185623168945,24.600403042087553,23.860185623168945,24.600403042087553,4510969
2021-07-01,24.53740692138672,24.647651530159873,23.73419233811622,23.90743558272563,3073397
2021-07-02,24.474409103393555,24.600403367603885,24.09642631076256,24.458659444874737,2529394
2021-07-05,24.946889877319336,24.946889877319336,24.458660947041384,24.474410606527492,1956681
2021-07-06,25.041383743286133,25.387870229059246,24.852392343567274,24.93113913560933,2596525
2021-07-07,25.26187515258789,25.340620440134945,24.978385809144154,24.994135467441595,1931090
2021-07-08,24.805145263671875,25.403617287982286,24.75789778848319,25.198877728174605,2226433
2021-07-09,24.679149627685547,24.89964033629866,24.42716110468203,24.805143889187306,1884266
2021-07-12,23.875934600830078,24.61615199864675,23.765689999740164,24.60040234078532,2070585
2021-07-13,23.891685485839844,23.986180433921874,23.59244797898314,23.781440879087437,1648830
2021-07-14,24.64764976501465,24.757895867862658,23.907433870591078,23.954681342114487,2070274
2021-07-16,24.78939437866211,24.89964048461037,24.395661933631377,24.742146905810046,1660750
2021-07-19,25.27762222290039,25.32487119857023,24.63190274375049,24.72639769114995,1369061
2021-07-26,25.18312644958496,25.41936531230592,25.057132189204438,25.35636968408572,2489134
2021-07-27,25.104379653930664,25.277621386410132,24.994135051622823,25.183126442137716,1726049
2021-07-28,24.86814308166504,25.120131625560006,24.6949013332298,25.104381966074023,2273357
2021-07-29,25.387868881225586,25.435114851184366,24.994134941918503,24.994134941918503,3110182
2021-07-30,25.35881996154785,25.562641490757343,25.03610132542735,25.477715448629343,2927686
2021-08-02,25.341835021972656,25.698523111390582,25.324849489183812,25.477716044624287,1725912
2021-08-03,24.951173782348633,25.30786184196587,24.81529277104963,25.290877930425562,2415759
2021-08-04,25.070070266723633,25.205951274687227,24.90021819685445,25.002129762741838,1722536
2021-08-05,24.798309326171875,24.968159783577217,24.64544278062645,24.883233744959817,2103817
2021-08-06,24.84926414489746,25.036100132815385,24.594486030649986,24.86624967647985,3464784
2021-08-09,25.138011932373047,25.138011932373047,24.747352801552697,24.84926437214958,2211003
2021-08-10,25.019115447998047,25.40977458846748,24.9172054947135,25.273893570868417,4050951
2021-08-11,24.441619873046875,25.0700699314308,24.28875333617496,25.01911333925392,2083324
2021-08-12,24.93419075012207,25.002131258167516,24.492576637911906,24.492576637911906,2146161
2021-08-13,25.138011932373047,25.138011932373047,24.832278840411856,24.951174322917,1486163
2021-08-16,25.23992156982422,25.341833139156023,25.087056645570676,25.13801162032186,1830575
2021-08-17,25.324848175048828,25.630581270064944,24.917205128246994,25.22293822326311,3859943
2021-08-18,24.900218963623047,25.54565458124012,24.883233432147204,25.392788037616413,2373668
2021-08-19,24.7133846282959,24.883235094915904,24.577503607068074,24.832280116912855,1957372
2021-08-20,24.900218963623047,24.98514500117282,24.662428002279,24.69639744540125,1763630
2021-08-23,25.307863235473633,26.05521045859819,25.307863235473633,25.83440339812182,8352906
2021-08-24,24.730369567871094,25.324848616529785,24.696398503463993,25.307863084326236,4118338
2021-08-25,24.441619873046875,24.88323233310763,24.390663280869994,24.781322388412597,2045761
2021-08-26,24.186843872070312,24.611472458110153,24.084933918525273,24.45860590796309,1708035
2021-08-27,24.39066505432129,24.54353160230817,23.983022006242596,24.186843530281944,2019663
2021-08-31,24.3566951751709,24.59448613905465,24.3566951751709,24.543531163912338,1690782
2021-09-01,24.50956153869629,24.713383057583705,24.390664437806546,24.390664437806546,1687173
2021-09-02,24.62845802307129,24.62845802307129,24.458605940497616,24.52654644956118,1345911
2021-09-03,25.053085327148438,25.053085327148438,24.407649714171185,24.628456762281516,1932113
2021-09-06,25.036100387573242,25.18896693371135,24.883233841435136,25.121026426519908,1361965
2021-09-07,24.764339447021484,25.002132042555527,24.662429491670846,24.883234934873737,1408217
2021-09-08,24.441619873046875,24.781322388412597,24.424634342321248,24.679410823888198,1105246
2021-09-09,24.49257469177246,24.594484635828294,24.25478212259325,24.373679217097532,1601895
2021-09-10,24.23780059814453,24.526546547950886,24.1358890242256,24.509562635488994,1623445
2021-09-13,24.305740356445312,24.356695331915535,24.101917214905484,24.186843253908837,1280609
2021-09-14,24.203828811645508,24.57750241176351,24.135888304335822,24.305740382524768,2281791
2021-09-15,24.220813751220703,24.356694762517726,24.03397614581523,24.203828219851218,1723692
2021-09-16,24.152873992919922,24.373681048067237,24.033976889484,24.18684343688056,1241364
2021-09-17,23.694272994995117,24.169856522038522,23.643318022054956,24.101916018175178,1639389
2021-09-20,23.72824478149414,23.864125793370587,23.201704645600827,23.35457118891919,1719345
2021-09-21,23.38854217529297,23.9490517524071,23.35457111252027,23.728244703872832,1535719
2021-09-22,23.81317138671875,23.830155298736223,23.43949778523325,23.57537880034989,1153642
2021-09-23,24.016992568969727,24.016992568969727,23.490452427983975,23.83015496096053,1496144
2021-09-24,24.135889053344727,24.135889053344727,23.643319955106243,23.881112547984294,1649448
2021-09-27,24.917205810546875,24.917205810546875,24.16985858444966,24.16985858444966,2477241
2021-09-28,24.645442962646484,25.053086007225318,24.54353139158704,24.934190524180526,2023752
2021-09-29,24.54353141784668,24.832278979689654,24.45860537851119,24.730369028350648,2128849
2021-09-30,24.308574676513672,24.6967725287914,24.216148043577324,24.54888780058322,2551815
2021-10-01,23.809463500976562,24.10523294921199,23.66157877685885,23.846433800543508,2378431
2021-10-04,23.43975257873535,23.79097837109044,23.38429448289636,23.735522038176487,9674707
2021-10-05,22.977611541748047,23.4397517464466,22.977611541748047,23.421265715156665,2298964
2021-10-06,22.792755126953125,22.959125885429792,22.40455727814924,22.86669749039553,2643200
2021-10-07,23.162466049194336,23.162466049194336,22.885182637730473,22.885182637730473,1929927
2021-10-08,22.94063949584961,23.291867038913892,22.94063949584961,23.143982314336817,1776422
2021-10-11,23.05155372619629,23.05155372619629,22.811240610055474,22.94063930223708,1416360
2021-10-12,22.792755126953125,23.14398267549831,22.73729879510257,22.922153822246088,2326327
2021-10-13,22.33061408996582,22.829726346962005,22.312128059056718,22.774268254234695,3775021
2021-10-14,22.071815490722656,22.386070972233174,21.86847443447908,22.256672278525897,3518576
2021-10-15,21.60967445373535,22.145757002254495,21.53573209404047,22.07181464255961,3716375
2021-10-18,21.665132522583008,21.90544563206619,21.46178971144536,21.628160461312557,2578132
2021-10-19,21.94241714477539,21.997873476825283,21.683617990334206,21.683617990334206,2081593
2021-10-20,22.182729721069336,22.219701783475102,21.849988211117306,21.997872934890438,2793723
2021-10-21,22.64487075805664,22.64487075805664,21.73907635083638,22.182730538504465,6091174
2021-10-22,22.811241149902344,22.903669544901586,22.256672542831904,22.55244199648947,2964607
2021-10-25,23.070037841796875,23.107009903847008,22.49698498341944,22.737298097970445,3581693
2021-10-26,23.273380279541016,23.439751030216833,23.088523498140127,23.143981590315345,3930888
2021-10-27,23.458236694335938,23.79097821549355,23.180953268654612,23.27338166485673,3764293
2021-10-28,23.421266555786133,23.532179221656644,23.38429449187927,23.513694952628253,830880
2021-11-01,23.217924118041992,23.73552064160927,22.848210552569004,23.32883677734394,5238606
2021-11-02,23.31035041809082,23.42126483875515,23.125495400883484,23.236408058622903,2909472
2021-11-03,23.199438095092773,23.45823547550218,22.145757253815418,23.310350754432537,4044277
2021-11-04,23.661579132080078,23.71703546372552,23.31035158483395,23.71703546372552,3986407
2021-11-05,23.938861846923828,24.30857365186021,23.680064464930833,23.754006825918108,5401013
2021-11-08,24.34554672241211,24.604345878051674,24.197661994310938,24.271604358361525,5062268
2021-11-09,24.770713806152344,25.177397672345275,24.216146981164187,24.38251597090567,7572611
2021-11-10,24.73374366760254,24.974056782687665,24.12371874581912,24.974056782687665,5366207
2021-11-11,24.844655990600586,25.047998803715668,24.474944188925342,24.65980097122543,3782731
2021-11-12,25.43619728088379,25.473167580525857,24.789200289360338,24.90011471413649,5258297
2021-11-15,26.71170425415039,26.71170425415039,25.6395390891701,25.65802512099649,6028796
2021-11-16,25.972280502319336,27.081415963414187,25.972280502319336,26.711704143049236,5010135
2021-11-17,26.175621032714844,26.452906214567108,25.824395251211953,25.879851582412414,3277930
2021-11-18,26.619274139404297,26.859587248857693,26.009249231916797,26.175619981763372,5862147
2021-11-19,26.988988876342773,27.21081596482881,26.434420273665182,26.7301897249799,4383258
2021-11-22,27.19232940673828,27.266271768134867,26.89655996115193,27.19232940673828,3225600
2021-11-23,28.227523803710938,29.11483212709462,26.98898794679419,27.17384296603666,12385957
2021-11-24,28.375410079956055,29.09634769149945,27.968726194646305,28.430866412476696,6110768
2021-11-25,27.839326858520508,28.449351791014735,27.746898464491842,28.412379728233276,3465432
2021-11-26,27.728412628173828,27.74689865969461,27.00747326518831,27.635984233494916,3729519
2021-11-29,28.634206771850586,28.634206771850586,27.488099271273075,27.728412390205857,5083630
2021-11-30,28.040000915527344,28.940000534057617,27.8799991607666,28.639999389648438,6381168
2021-12-01,28.639999389648438,28.68000030517578,28.100000381469727,28.100000381469727,3047376
2021-12-02,28.600000381469727,29.200000762939453,28.5,28.65999984741211,3829200
2021-12-03,28.420000076293945,28.799999237060547,28.299999237060547,28.639999389648438,4759220
2021-12-06,28.18000030517578,28.579999923706055,28.0,28.5,4226745
2021-12-07,28.3799991607666,28.6200008392334,28.219999313354492,28.239999771118164,5428142
2021-12-08,28.399999618530273,28.6200008392334,28.280000686645508,28.520000457763672,5730634
2021-12-09,29.059999465942383,29.459999084472656,28.420000076293945,28.420000076293945,14561062
2021-12-10,29.459999084472656,29.8799991607666,29.059999465942383,29.260000228881836,12117698
2021-12-13,30.31999969482422,30.780000686645508,30.139999389648438,30.200000762939453,10323729
2021-12-14,30.299999237060547,30.899999618530273,30.100000381469727,30.799999237060547,7260099
2021-12-15,29.68000030517578,30.6200008392334,29.6200008392334,30.6200008392334,7859851
2021-12-16,31.399999618530273,31.399999618530273,29.479999542236328,29.84000015258789,11950830
2021-12-17,28.260000228881836,33.34000015258789,28.260000228881836,32.099998474121094,16246053
2021-12-20,27.440000534057617,29.0,25.5,26.719999313354492,8887985
2021-12-21,25.200000762939453,29.979999542236328,25.040000915527344,28.6200008392334,7827732
2021-12-22,23.920000076293945,25.079999923706055,23.34000015258789,25.059999465942383,9532469
2021-12-23,23.559999465942383,24.639999389648438,22.440000534057617,24.299999237060547,7760397
2021-12-24,24.8799991607666,24.8799991607666,23.559999465942383,23.81999969482422,5600185
2021-12-27,24.68000030517578,25.6200008392334,24.360000610351562,24.940000534057617,5509774
2021-12-28,23.799999237060547,24.940000534057617,23.600000381469727,24.84000015258789,3375268
2021-12-29,24.280000686645508,24.459999084472656,23.440000534057617,23.8799991607666,3508444
2021-12-30,24.100000381469727,24.719999313354492,23.959999084472656,24.68000030517578,2987498
2021-12-31,25.040000915527344,25.040000915527344,23.84000015258789,24.139999389648438,4380325
2022-01-03,26.579999923706055,26.579999923706055,25.3799991607666,25.440000534057617,5717875
2022-01-04,27.059999465942383,27.540000915527344,26.0,26.979999542236328,8570844
2022-01-05,26.920000076293945,27.079999923706055,26.639999389648438,27.079999923706055,4899312
2022-01-06,26.420000076293945,26.860000610351562,26.239999771118164,26.600000381469727,4804148
2022-01-07,26.540000915527344,26.639999389648438,26.0,26.579999923706055,3887486
2022-01-10,27.059999465942383,27.5,26.739999771118164,26.81999969482422,6575359
2022-01-11,26.760000228881836,27.479999542236328,26.739999771118164,27.399999618530273,6544602
2022-01-12,26.739999771118164,27.139999389648438,26.739999771118164,27.020000457763672,4227119
2022-01-13,26.719999313354492,27.15999984741211,26.479999542236328,26.739999771118164,4453884
2022-01-14,27.020000457763672,27.239999771118164,26.799999237060547,26.799999237060547,6599492
2022-01-17,27.100000381469727,27.520000457763672,27.0,27.280000686645508,6771724
2022-01-18,25.719999313354492,27.059999465942383,25.719999313354492,27.059999465942383,5766995
2022-01-19,25.81999969482422,26.0,25.040000915527344,25.68000030517578,7389431
2022-01-20,24.84000015258789,25.920000076293945,24.68000030517578,25.84000015258789,8789709
2022-01-21,25.15999984741211,25.299999237060547,24.559999465942383,24.719999313354492,5013107
2022-01-24,23.520000457763672,25.280000686645508,23.5,25.15999984741211,8985110
2022-01-25,23.6200008392334,23.979999542236328,23.15999984741211,23.65999984741211,4411840
2022-01-26,23.84000015258789,24.1200008392334,23.6200008392334,23.700000762939453,3568964
2022-01-27,24.899999618530273,24.940000534057617,23.299999237060547,23.600000381469727,6023326
2022-01-28,24.399999618530273,25.18000030517578,24.239999771118164,25.020000457763672,5234622
2022-01-31,24.18000030517578,24.639999389648438,24.18000030517578,24.600000381469727,3091680
2022-02-01,24.360000610351562,24.68000030517578,24.200000762939453,24.299999237060547,3653395
2022-02-02,23.920000076293945,24.479999542236328,23.920000076293945,24.399999618530273,3636883
2022-02-03,23.559999465942383,24.100000381469727,23.420000076293945,23.899999618530273,3382171
2022-02-04,23.459999084472656,23.84000015258789,23.299999237060547,23.579999923706055,2482552
2022-02-07,23.8799991607666,23.979999542236328,23.020000457763672,23.459999084472656,3764105
2022-02-08,23.639999389648438,23.979999542236328,23.5,23.940000534057617,3766538
2022-02-09,24.200000762939453,24.260000228881836,23.739999771118164,23.739999771118164,4687515
2022-02-10,24.440000534057617,24.559999465942383,23.899999618530273,24.1200008392334,4965410
2022-02-11,24.440000534057617,24.540000915527344,23.860000610351562,24.18000030517578,4762156
2022-02-14,23.700000762939453,24.15999984741211,23.5,24.15999984741211,5357500
2022-02-15,24.079999923706055,24.260000228881836,23.639999389648438,23.719999313354492,4500784
2022-02-16,23.899999618530273,24.239999771118164,23.780000686645508,24.1200008392334,3768477
2022-02-17,23.559999465942383,24.040000915527344,23.459999084472656,23.940000534057617,4355674
2022-02-18,23.719999313354492,23.81999969482422,23.459999084472656,23.68000030517578,2463464
2022-02-21,23.719999313354492,24.059999465942383,23.3799991607666,23.780000686645508,4595609
2022-02-22,23.200000762939453,23.440000534057617,22.799999237060547,23.079999923706055,5332970
2022-02-23,23.100000381469727,23.3799991607666,23.059999465942383,23.260000228881836,3178692
2022-02-24,20.799999237060547,21.81999969482422,20.799999237060547,20.81999969482422,4000399
2022-02-25,21.860000610351562,22.1200008392334,20.959999084472656,21.299999237060547,6211570
2022-02-28,22.520000457763672,24.040000915527344,21.940000534057617,22.0,9558293
2022-03-01,22.260000228881836,23.020000457763672,22.020000457763672,22.8799991607666,5158101
2022-03-02,22.459999084472656,23.139999389648438,21.959999084472656,22.239999771118164,5120474
2022-03-03,23.299999237060547,23.540000915527344,22.600000381469727,22.600000381469727,6570505
2022-03-04,23.139999389648438,23.3799991607666,22.860000610351562,23.059999465942383,4564534
2022-03-07,22.940000534057617,23.100000381469727,22.440000534057617,22.899999618530273,4849541
2022-03-08,24.239999771118164,24.5,22.600000381469727,22.600000381469727,12453309
2022-03-09,24.15999984741211,24.700000762939453,24.020000457763672,24.600000381469727,7992722
2022-03-10,24.15999984741211,24.579999923706055,23.84000015258789,24.299999237060547,5856632
2022-03-11,24.459999084472656,24.719999313354492,24.020000457763672,24.079999923706055,10483709
2022-03-14,24.84000015258789,25.520000457763672,24.760000228881836,25.1200008392334,14443519
2022-03-15,24.700000762939453,24.940000534057617,24.459999084472656,24.799999237060547,7777287
2022-03-16,24.6200008392334,24.8799991607666,24.459999084472656,24.799999237060547,6726890
2022-03-17,25.079999923706055,25.18000030517578,24.700000762939453,24.780000686645508,8425464
2022-03-18,25.18000030517578,25.360000610351562,25.079999923706055,25.18000030517578,6798760
2022-03-21,25.81999969482422,25.84000015258789,25.299999237060547,25.31999969482422,7545953
2022-03-22,26.200000762939453,26.34000015258789,25.6200008392334,25.84000015258789,8671385
2022-03-23,25.760000228881836,26.34000015258789,25.639999389648438,26.31999969482422,7444294
2022-03-24,25.420000076293945,26.0,25.399999618530273,25.81999969482422,5216564
2022-03-25,25.059999465942383,25.559999465942383,25.040000915527344,25.5,7945878
2022-03-28,25.200000762939453,25.399999618530273,24.940000534057617,25.1200008392334,7726189
2022-03-29,25.540000915527344,25.579999923706055,25.139999389648438,25.360000610351562,11739281
2022-03-30,25.780000686645508,25.979999542236328,25.68000030517578,25.940000534057617,7585498
2022-03-31,25.799999237060547,26.0,25.700000762939453,25.799999237060547,9783923
2022-04-01,25.979999542236328,25.979999542236328,25.600000381469727,25.81999969482422,6429276
2022-04-04,27.360000610351562,27.360000610351562,26.1200008392334,26.239999771118164,20243042
2022-04-05,27.700000762939453,28.399999618530273,27.100000381469727,27.639999389648438,19036753
2022-04-06,27.3799991607666,27.84000015258789,27.15999984741211,27.760000228881836,10288109
2022-04-07,27.6200008392334,27.84000015258789,27.399999618530273,27.479999542236328,8162997
2022-04-08,28.299999237060547,28.31999969482422,27.600000381469727,27.719999313354492,12390505
2022-04-11,29.219999313354492,29.31999969482422,28.260000228881836,28.420000076293945,18054924
2022-04-12,30.860000610351562,31.1200008392334,28.520000457763672,29.200000762939453,23637430
2022-04-13,29.6200008392334,30.639999389648438,29.219999313354492,29.920000076293945,23254551
2022-04-14,29.540000915527344,30.079999923706055,29.399999618530273,29.65999984741211,15615309
2022-04-15,29.540000915527344,29.920000076293945,29.459999084472656,29.6200008392334,8197791
2022-04-18,29.81999969482422,30.18000030517578,29.559999465942383,29.579999923706055,15810708
2022-04-19,30.280000686645508,30.700000762939453,29.760000228881836,30.0,18208439
2022-04-20,30.1200008392334,30.5,29.899999618530273,30.399999618530273,9074895
2022-04-21,30.15999984741211,30.280000686645508,30.0,30.139999389648438,9278224
2022-04-22,28.420000076293945,30.100000381469727,28.399999618530273,30.040000915527344,11558906
2022-04-25,27.760000228881836,28.34000015258789,27.420000076293945,28.040000915527344,11507455
2022-04-26,26.520000457763672,28.040000915527344,26.260000228881836,27.860000610351562,9300758
2022-04-27,26.139999389648438,26.639999389648438,25.780000686645508,26.5,11166728
2022-04-28,26.440000534057617,27.260000228881836,26.31999969482422,26.31999969482422,17745726
2022-04-29,26.139999389648438,26.520000457763672,25.520000457763672,26.459999084472656,11344289
2022-05-05,27.34000015258789,27.799999237060547,26.639999389648438,26.940000534057617,11686427
2022-05-06,27.600000381469727,27.84000015258789,26.760000228881836,27.020000457763672,9988671
2022-05-09,27.459999084472656,28.239999771118164,27.299999237060547,27.639999389648438,10141222
2022-05-10,27.65999984741211,27.760000228881836,27.420000076293945,27.559999465942383,1565914
2022-05-11,26.940000534057617,27.639999389648438,26.479999542236328,27.6200008392334,12044051
2022-05-12,25.360000610351562,26.440000534057617,25.280000686645508,26.399999618530273,12089446
2022-05-13,25.799999237060547,26.059999465942383,25.65999984741211,25.799999237060547,6353254
2022-05-16,25.139999389648438,26.100000381469727,25.079999923706055,25.81999969482422,5901763
2022-05-17,25.5,25.760000228881836,25.1200008392334,25.200000762939453,7577061
2022-05-18,25.459999084472656,25.84000015258789,25.1200008392334,25.360000610351562,4601517
2022-05-20,25.239999771118164,25.68000030517578,25.1200008392334,25.399999618530273,3459767
2022-05-23,24.860000610351562,25.420000076293945,24.639999389648438,25.299999237060547,4695263
2022-05-24,24.5,25.1200008392334,24.5,24.940000534057617,4617855
2022-05-25,25.260000228881836,25.700000762939453,24.65999984741211,24.68000030517578,8896505
2022-05-26,25.739999771118164,25.860000610351562,25.239999771118164,25.299999237060547,7515845
2022-05-27,25.399999618530273,26.139999389648438,25.219999313354492,25.84000015258789,6817082
2022-05-30,26.459999084472656,26.600000381469727,25.899999618530273,26.0,11773660
2022-05-31,26.959999084472656,27.079999923706055,26.479999542236328,26.579999923706055,10405354
2022-06-01,26.860000610351562,27.34000015258789,26.719999313354492,27.040000915527344,6995739
2022-06-02,26.8799991607666,27.059999465942383,26.559999465942383,27.0,7767648
2022-06-03,26.81999969482422,27.18000030517578,26.600000381469727,27.059999465942383,6643834
2022-06-06,27.139999389648438,27.399999618530273,26.959999084472656,26.959999084472656,7185796
2022-06-07,27.280000686645508,27.760000228881836,26.940000534057617,27.15999984741211,9117014
2022-06-08,25.799999237060547,27.600000381469727,25.739999771118164,27.420000076293945,9994574
2022-06-09,26.5,26.5,25.68000030517578,25.81999969482422,8096027
2022-06-10,25.940000534057617,26.700000762939453,25.719999313354492,26.0,7320575
2022-06-13,25.68000030517578,25.959999084472656,25.440000534057617,25.68000030517578,4304034
2022-06-14,25.440000534057617,25.760000228881836,25.239999771118164,25.700000762939453,3429312
2022-06-15,25.360000610351562,25.68000030517578,25.219999313354492,25.440000534057617,4737635
2022-06-16,24.899999618530273,25.520000457763672,24.719999313354492,25.399999618530273,4559123
2022-06-17,25.100000381469727,25.1200008392334,24.719999313354492,25.020000457763672,4877323
2022-06-20,25.299999237060547,25.65999984741211,24.860000610351562,25.360000610351562,5319575
2022-06-21,25.979999542236328,26.18000030517578,25.34000015258789,25.459999084472656,10652198
2022-06-22,25.8799991607666,26.200000762939453,25.65999984741211,25.760000228881836,6860679
2022-06-23,25.420000076293945,26.0,25.3799991607666,25.780000686645508,4564189
2022-06-24,25.540000915527344,25.719999313354492,25.219999313354492,25.479999542236328,6060387
2022-06-27,25.559999465942383,25.780000686645508,24.700000762939453,24.799999237060547,5573957
2022-06-28,25.1200008392334,25.860000610351562,24.860000610351562,25.579999923706055,6288141
2022-06-29,24.399999618530273,25.280000686645508,24.219999313354492,25.1200008392334,5544323
2022-06-30,23.760000228881836,24.34000015258789,23.639999389648438,24.0,8888415
2022-07-01,23.940000534057617,24.100000381469727,23.68000030517578,23.799999237060547,3702223
2022-07-04,23.540000915527344,24.299999237060547,23.479999542236328,24.020000457763672,4005806
2022-07-05,23.1200008392334,23.700000762939453,22.739999771118164,23.540000915527344,5026502
2022-07-06,23.739999771118164,23.760000228881836,23.100000381469727,23.219999313354492,5049022
2022-07-07,23.68000030517578,23.940000534057617,23.600000381469727,23.799999237060547,6002167
2022-07-08,23.899999618530273,23.940000534057617,23.65999984741211,23.68000030517578,2002241
2022-07-13,23.399999618530273,24.219999313354492,23.399999618530273,23.940000534057617,7449017
2022-07-14,23.18000030517578,23.899999618530273,23.059999465942383,23.899999618530273,8565825
2022-07-18,23.459999084472656,23.68000030517578,23.31999969482422,23.520000457763672,5871342
2022-07-19,24.020000457763672,24.280000686645508,23.3799991607666,23.399999618530273,9378283
2022-07-20,24.5,24.760000228881836,24.059999465942383,24.059999465942383,8467117
2022-07-21,24.420000076293945,24.739999771118164,24.239999771118164,24.5,8540229
2022-07-22,24.420000076293945,24.600000381469727,24.200000762939453,24.600000381469727,4998790
2022-07-25,24.5,24.600000381469727,24.34000015258789,24.420000076293945,4653795
2022-07-26,24.200000762939453,24.65999984741211,24.100000381469727,24.540000915527344,4846102
2022-07-27,24.15999984741211,24.34000015258789,23.940000534057617,24.260000228881836,6081182
2022-07-28,24.1200008392334,24.3799991607666,23.940000534057617,24.299999237060547,6046189
2022-07-29,24.15999984741211,24.31999969482422,23.940000534057617,24.139999389648438,6315182
2022-08-01,26.059999465942383,26.5,24.399999618530273,24.479999542236328,22257714
2022-08-02,26.3799991607666,27.299999237060547,25.65999984741211,26.200000762939453,23905510
2022-08-03,26.399999618530273,26.860000610351562,26.280000686645508,26.719999313354492,8858138
2022-08-04,26.799999237060547,27.280000686645508,26.440000534057617,26.559999465942383,12902979
2022-08-05,27.1200008392334,27.459999084472656,26.579999923706055,26.979999542236328,12151806
2022-08-08,28.81999969482422,28.979999542236328,27.540000915527344,27.559999465942383,15997920
2022-08-09,27.959999084472656,28.899999618530273,27.65999984741211,28.84000015258789,9558416
2022-08-10,28.18000030517578,28.280000686645508,27.200000762939453,27.940000534057617,7542754
2022-08-11,28.059999465942383,28.760000228881836,28.059999465942383,28.399999618530273,10981443
2022-08-12,27.739999771118164,28.68000030517578,27.600000381469727,28.18000030517578,11531384
2022-08-15,27.299999237060547,28.239999771118164,27.239999771118164,28.100000381469727,7956509
2022-08-16,27.479999542236328,28.020000457763672,26.280000686645508,27.420000076293945,11588025
2022-08-17,27.979999542236328,28.1200008392334,27.559999465942383,27.700000762939453,9382656
2022-08-18,27.639999389648438,28.020000457763672,26.559999465942383,27.780000686645508,21557911
2022-08-19,28.520000457763672,29.1200008392334,28.260000228881836,28.719999313354492,23516289
2022-08-22,30.020000457763672,30.260000228881836,28.799999237060547,28.799999237060547,23207601
2022-08-23,30.059999465942383,30.700000762939453,29.760000228881836,30.479999542236328,19563491
2022-08-24,30.360000610351562,30.68000030517578,29.84000015258789,30.299999237060547,28065740
2022-08-25,30.239999771118164,30.8799991607666,30.100000381469727,30.520000457763672,20730588
2022-08-26,29.899999618530273,30.3799991607666,29.540000915527344,30.31999969482422,22177906
2022-08-29,29.15999984741211,29.8799991607666,29.15999984741211,29.8799991607666,14524433
2022-08-31,29.68000030517578,30.040000915527344,29.100000381469727,29.139999389648438,23481189
2022-09-01,29.899999618530273,30.479999542236328,29.239999771118164,29.440000534057617,23123582
2022-09-02,32.060001373291016,32.68000030517578,30.020000457763672,30.200000762939453,37508439
2022-09-05,33.18000030517578,33.97999954223633,32.880001068115234,32.900001525878906,27305507
2022-09-06,32.20000076293945,33.380001068115234,31.639999389648438,33.29999923706055,29461742
2022-09-07,34.0,34.63999938964844,31.65999984741211,32.31999969482422,44212952
2022-09-08,32.939998626708984,34.97999954223633,32.400001525878906,34.36000061035156,24576962
2022-09-09,32.63999938964844,33.41999816894531,32.400001525878906,32.959999084472656,34384649
2022-09-12,33.52000045776367,34.08000183105469,32.720001220703125,32.97999954223633,41046918
2022-09-13,30.700000762939453,33.91999816894531,30.700000762939453,33.91999816894531,29229257
2022-09-14,32.08000183105469,32.220001220703125,29.700000762939453,30.639999389648438,18340202
2022-09-15,31.8799991607666,33.29999923706055,31.479999542236328,32.15999984741211,21382521
2022-09-16,32.02000045776367,32.65999984741211,31.780000686645508,32.099998474121094,14626138
2022-09-19,31.059999465942383,33.15999984741211,31.0,32.29999923706055,18457803
2022-09-20,31.299999237060547,32.15999984741211,30.559999465942383,31.579999923706055,10965111
2022-09-21,31.600000381469727,32.08000183105469,31.239999771118164,31.700000762939453,14735635
2022-09-22,32.52000045776367,32.7400016784668,31.6200008392334,31.6200008392334,21663823
2022-09-23,35.7599983215332,35.7599983215332,32.900001525878906,33.13999938964844,35409334
2022-09-26,37.099998474121094,39.31999969482422,36.119998931884766,36.79999923706055,75886477
2022-09-27,36.29999923706055,38.68000030517578,35.5,37.099998474121094,38596919
2022-09-28,37.18000030517578,38.18000030517578,36.29999923706055,36.31999969482422,38261264
2022-09-29,37.720001220703125,38.880001068115234,35.720001220703125,37.599998474121094,34025085
2022-09-30,40.0,40.18000030517578,37.880001068115234,38.0,43494588
2022-10-03,41.31999969482422,42.84000015258789,40.20000076293945,40.900001525878906,35625019
2022-10-04,41.279998779296875,42.959999084472656,40.52000045776367,41.5,41060764
2022-10-05,40.380001068115234,42.2400016784668,40.20000076293945,41.599998474121094,23140535
2022-10-06,41.36000061035156,42.060001373291016,40.5,40.7599983215332,19469087
2022-10-07,43.47999954223633,43.5,41.279998779296875,41.439998626708984,32205983
2022-10-10,42.7599983215332,44.31999969482422,42.459999084472656,43.63999938964844,22391177
2022-10-11,41.400001525878906,43.119998931884766,41.400001525878906,42.79999923706055,15724175
2022-10-12,39.91999816894531,41.52000045776367,39.599998474121094,41.400001525878906,15308385
2022-10-13,40.400001525878906,41.380001068115234,39.97999954223633,40.0,17922333
2022-10-14,40.779998779296875,41.439998626708984,40.400001525878906,40.900001525878906,12374346
2022-10-17,41.63999938964844,42.2599983215332,41.279998779296875,41.31999969482422,17522475
2022-10-18,43.34000015258789,43.70000076293945,41.08000183105469,41.959999084472656,19542692
2022-10-19,44.70000076293945,45.91999816894531,43.560001373291016,43.880001068115234,32185571
2022-10-20,43.68000030517578,45.880001068115234,43.68000030517578,44.7400016784668,20020935
2022-10-21,43.20000076293945,44.380001068115234,43.02000045776367,43.900001525878906,12686459
2022-10-24,46.2599983215332,47.060001373291016,43.400001525878906,43.459999084472656,25544726
2022-10-25,46.52000045776367,48.79999923706055,45.779998779296875,46.599998474121094,29684739
2022-10-26,46.400001525878906,47.97999954223633,46.400001525878906,46.7599983215332,18030297
2022-10-27,47.08000183105469,47.29999923706055,45.619998931884766,46.720001220703125,18766826
2022-10-28,45.65999984741211,47.13999938964844,45.34000015258789,46.84000015258789,7215803
2022-10-31,46.099998474121094,47.2599983215332,44.439998626708984,45.70000076293945,21565630
2022-11-01,46.31999969482422,47.2599983215332,45.91999816894531,46.36000061035156,15479441
2022-11-02,45.599998474121094,46.7599983215332,45.599998474121094,46.400001525878906,12030696
2022-11-03,45.540000915527344,46.099998474121094,45.02000045776367,46.02000045776367,9331841
2022-11-04,45.70000076293945,46.97999954223633,45.599998474121094,45.70000076293945,11254796
2022-11-07,47.20000076293945,47.540000915527344,45.599998474121094,46.0,15270370
2022-11-08,47.099998474121094,48.5,47.040000915527344,47.63999938964844,17227208
2022-11-09,46.34000015258789,48.2400016784668,46.2599983215332,47.18000030517578,13532873
2022-11-10,44.34000015258789,44.900001525878906,42.060001373291016,42.060001373291016,22702798
2022-11-11,43.400001525878906,45.0,43.400001525878906,44.91999816894531,12291964
2022-11-14,43.099998474121094,43.86000061035156,43.0,43.439998626708984,12309962
2022-11-15,42.79999923706055,44.119998931884766,42.34000015258789,43.29999923706055,17848239
2022-11-16,41.439998626708984,43.15999984741211,41.41999816894531,42.97999954223633,11842593
2022-11-17,41.68000030517578,42.439998626708984,39.900001525878906,42.0,10479868
2022-11-18,43.20000076293945,43.41999816894531,41.65999984741211,41.7599983215332,9588729
2022-11-21,44.0,44.18000030517578,43.119998931884766,43.5,11628435
2022-11-22,45.36000061035156,45.560001373291016,44.41999816894531,45.0,11638027
2022-11-23,46.91999816894531,47.400001525878906,44.65999984741211,45.52000045776367,15370549
2022-11-24,49.720001220703125,50.20000076293945,47.31999969482422,47.5,31651406
2022-11-25,50.599998474121094,52.25,49.91999816894531,50.70000076293945,19946327
2022-11-28,52.29999923706055,52.849998474121094,49.720001220703125,51.099998474121094,19013250
2022-11-29,53.599998474121094,54.20000076293945,50.45000076293945,52.79999923706055,18192767
2022-11-30,59.650001525878906,59.650001525878906,53.29999923706055,53.849998474121094,15088677
2022-12-01,62.5,65.5999984741211,60.04999923706055,61.70000076293945,32620146
2022-12-02,65.5999984741211,67.3499984741211,61.95000076293945,63.29999923706055,23921672
2022-12-05,65.19999694824219,68.44999694824219,62.5,68.0,22042786
2022-12-06,66.5999984741211,67.30000305175781,63.099998474121094,64.5,16528021
2022-12-07,63.04999923706055,68.44999694824219,61.0,66.75,17486733
2022-12-08,60.04999923706055,63.54999923706055,57.5,63.099998474121094,23376226
2022-12-09,64.44999694824219,64.8499984741211,60.0,60.0,15655870
2022-12-12,66.3499984741211,67.1500015258789,64.55000305175781,65.19999694824219,11097494
2022-12-13,68.9000015258789,69.80000305175781,64.19999694824219,66.30000305175781,20660656
2022-12-14,66.3499984741211,73.94999694824219,65.9000015258789,69.3499984741211,26717772
2022-12-15,72.44999694824219,72.94999694824219,68.05000305175781,70.30000305175781,24743876
2022-12-16,73.55000305175781,75.0,71.05000305175781,72.55000305175781,9449799
2022-12-19,72.25,74.55000305175781,71.75,72.69999694824219,12951548
2022-12-20,70.1500015258789,71.3499984741211,69.19999694824219,71.19999694824219,11346049
2022-12-21,69.1500015258789,72.5,68.80000305175781,70.0,12146526
2022-12-22,74.0,74.25,69.30000305175781,69.9000015258789,36577944
2022-12-23,71.9000015258789,75.0999984741211,71.6500015258789,74.44999694824219,13822103
2022-12-26,71.3499984741211,73.5999984741211,71.25,73.05000305175781,10458829
2022-12-27,69.5999984741211,72.5,69.44999694824219,72.4000015258789,9120707
2022-12-28,70.5999984741211,71.19999694824219,66.80000305175781,69.69999694824219,17764821
2022-12-29,72.75,74.4000015258789,69.25,69.69999694824219,17651150
2022-12-30,71.25,75.25,70.94999694824219,73.4000015258789,14561689
